Answers for the world queries go here:

For example:

1. What are the names of all the cities in the Netherlands?

SELECT city.Name FROM city JOIN country ON city.CountryCode = country.Code WHERE country.Name = 'Netherlands';
+-------------------+
| Name              |
+-------------------+
| Amsterdam         |
| Rotterdam         |
| Haag              |
| Utrecht           |
| Eindhoven         |
| Tilburg           |
| Groningen         |
| Breda             |
| Apeldoorn         |
| Nijmegen          |
| Enschede          |
| Haarlem           |
| Almere            |
| Arnhem            |
| Zaanstad          |
| ´s-Hertogenbosch  |
| Amersfoort        |
| Maastricht        |
| Dordrecht         |
| Leiden            |
| Haarlemmermeer    |
| Zoetermeer        |
| Emmen             |
| Zwolle            |
| Ede               |
| Delft             |
| Heerlen           |
| Alkmaar           |
+-------------------+
28 rows in set (0.00 sec)
----------------------------------------------------
2.What is the population of Rotterdam ?

mysql> SELECT population FROM city WHERE city.name = 'Rotterdam ';
+------------+
| population |
+------------+
|     593321 |
+------------+
1 row in set (0.00 sec)

---------------------------------------
3.What's the name of all the countries on the continent ‘North America’ ?

mysql> SELECT name FROM country WHERE continent='North America';

+----------------------------------+
| name                             |
+----------------------------------+
| Aruba                            |
| Anguilla                         |
| Netherlands Antilles             |
| Antigua and Barbuda              |
| Bahamas                          |
| Belize                           |
| Bermuda                          |
| Barbados                         |
| Canada                           |
| Costa Rica                       |
| Cuba                             |
| Cayman Islands                   |
| Dominica                         |
| Dominican Republic               |
| Guadeloupe                       |
| Grenada                          |
| Greenland                        |
| Guatemala                        |
| Honduras                         |
| Haiti                            |
| Jamaica                          |
| Saint Kitts and Nevis            |
| Saint Lucia                      |
| Mexico                           |
| Montserrat                       |
| Martinique                       |
| Nicaragua                        |
| Panama                           |
| Puerto Rico                      |
| El Salvador                      |
| Saint Pierre and Miquelon        |
| Turks and Caicos Islands         |
| Trinidad and Tobago              |
| United States                    |
| Saint Vincent and the Grenadines |
| Virgin Islands, British          |
| Virgin Islands, U.S.             |
+----------------------------------+
37 rows in set (0.00 sec)

-------------------------------------------------

4.What's the top 10 countries by SurfaceArea ?

mysql> SELECT name, SurfaceArea FROM country ORDER BY SurfaceArea desc limit 10;
+--------------------+-------------+
| name               | SurfaceArea |
+--------------------+-------------+
| Russian Federation | 17075400.00 |
| Antarctica         | 13120000.00 |
| Canada             |  9970610.00 |
| China              |  9572900.00 |
| United States      |  9363520.00 |
| Brazil             |  8547403.00 |
| Australia          |  7741220.00 |
| India              |  3287263.00 |
| Argentina          |  2780400.00 |
| Kazakstan          |  2724900.00 |
+--------------------+-------------+
10 rows in set (0.01 sec)

---------------------------------------

5.What's the top 10 most populated cities?

mysql> SELECT name, Population FROM city ORDER BY Population DESC LIMIT 10;
+---------------------+------------+
| name                | Population |
+---------------------+------------+
| Mumbai (Bombay)     |   10500000 |
| Seoul               |    9981619 |
| SÃ£o Paulo          |    9968485 |
| Shanghai            |    9696300 |
| Jakarta             |    9604900 |
| Karachi             |    9269265 |
| Istanbul            |    8787958 |
| Ciudad de MÃ©xico   |    8591309 |
| Moscow              |    8389200 |
| New York            |    8008278 |
+---------------------+------------+
10 rows in set (0.01 sec)

OR
mysql> SELECT name FROM city ORDER BY Population DESC LIMIT 10;
+---------------------+
| name                |
+---------------------+
| Mumbai (Bombay)     |
| Seoul               |
| SÃ£o Paulo          |
| Shanghai            |
| Jakarta             |
| Karachi             |
| Istanbul            |
| Ciudad de MÃ©xico   |
| Moscow              |
| New York            |
+---------------------+
10 rows in set (0.00 sec)

OR
mysql> SELECT name FROM city GROUP BY Population DESC LIMIT 10;
+---------------------+
| name                |
+---------------------+
| Mumbai (Bombay)     |
| Seoul               |
| SÃ£o Paulo          |
| Shanghai            |
| Jakarta             |
| Karachi             |
| Istanbul            |
| Ciudad de MÃ©xico   |
| Moscow              |
| New York            |
+---------------------+
10 rows in set (0.01 sec)
-----------------------------------

6.Select the top 3 countries by population that their names start with the letter ‘P’

mysql> SELECT name, population from country WHERE name LIKE 'P%' ORDER BY population DESC LIMIT 3;
+-------------+------------+
| name        | population |
+-------------+------------+
| Pakistan    |  156483000 |
| Philippines |   75967000 |
| Poland      |   38653600 |
+-------------+------------+
3 rows in set (0.00 sec)

-------------------------------------------------------

7.What is the population in Asia?

mysql> SELECT sum(population) as Asia_population FROM country WHERE Continent = 'Asia';
+-----------------+
| Asia_population |
+-----------------+
|      3705025700 |
+-----------------+

--------------------------------------------

8.Which languages are spoken in the Region of ‘South America’

mysql> SELECT DISTINCT language from countrylanguage as c_l join country as co ON
 c_l.countrycode = co.code WHERE co.region = 'South America';
+------------------+
| language         |
+------------------+
| Indian Languages |
| Italian          |
| Spanish          |
| AimarÃ¡          |
| GuaranÃ­         |
| KetÅ¡ua          |
| German           |
| Japanese         |
| Portuguese       |
| Araucan          |
| Rapa nui         |
| Arawakan         |
| Caribbean        |
| Chibcha          |
| Creole English   |
| English          |
| Creole French    |
| Hindi            |
| Sranantonga      |
| Goajiro          |
| Warrau           |
+------------------+
21 rows in set (0.00 sec)

------------------------------------------------

9. What are the languages spoken on all cities named ‘Barcelona’ (you may need to join 3 tables =) )

mysql> SELECT country.name as country_name, language, city.name as city_name FROM country
 JOIN countrylanguage on countrylanguage.countrycode = country.code
  JOIN city on city.countrycode = country.code WHERE city.name = 'Barcelona';
+--------------+----------+-----------+
| country_name | language | city_name |
+--------------+----------+-----------+
| Spain        | Basque   | Barcelona |
| Spain        | Catalan  | Barcelona |
| Spain        | Galecian | Barcelona |
| Spain        | Spanish  | Barcelona |
| Venezuela    | Goajiro  | Barcelona |
| Venezuela    | Spanish  | Barcelona |
| Venezuela    | Warrau   | Barcelona |
+--------------+----------+-----------+
7 rows in set (0.00 sec)
----------------------------------------------------------------------------